{"name":"5cf0230f-c846-45a3-9a13-8379c5e36644","id":"/providers/Microsoft.Flow/flows/5cf0230f-c846-45a3-9a13-8379c5e36644","type":"Microsoft.Flow/flows","properties":{"apiId":"/providers/Microsoft.PowerApps/apis/shared_logicflows","displayName":"UploadAttachmentstoDocLib","definition":{"metadata":{"workflowEntityId":null,"flowclientsuspensionreason":"None","flowclientsuspensiontime":null,"creator":{"id":"7b6fb212-253c-4a03-b13c-6029d296b940","type":"User","tenantId":"db9eaeed-9201-444a-8ef6-24b40fcdd8cb"},"provisioningMethod":"FromDefinition","failureAlertSubscription":true,"clientLastModifiedTime":"2021-02-09T07:37:52.8593506Z"},"$schema":"https://schema.management.azure.com/providers/Microsoft.Logic/schemas/2016-06-01/workflowdefinition.json#","contentVersion":"1.0.0.0","parameters":{"$connections":{"defaultValue":{},"type":"Object"},"$authentication":{"defaultValue":{},"type":"SecureObject"}},"triggers":{"When_an_item_or_a_file_is_modified":{"recurrence":{"frequency":"Minute","interval":5},"splitOn":"@triggerOutputs()?['body/value']","type":"OpenApiConnection","inputs":{"host":{"apiId":"/providers/Microsoft.PowerApps/apis/shared_sharepointonline","connectionName":"shared_sharepointonline","operationId":"GetOnChangedItems"},"parameters":{"dataset":"https://devperform2.sharepoint.com/sites/OrgSite","table":"a3acfbc5-29b8-49fa-8bc3-9c1ea99ba6fd"},"authentication":"@parameters('$authentication')"}}},"actions":{"Initialize_variable":{"runAfter":{},"type":"InitializeVariable","inputs":{"variables":[{"name":"UNID","type":"string","value":"@triggerOutputs()?['body/UNID']"}]}},"Condition":{"actions":{"Get_attachments":{"runAfter":{},"type":"OpenApiConnection","inputs":{"host":{"apiId":"/providers/Microsoft.PowerApps/apis/shared_sharepointonline","connectionName":"shared_sharepointonline","operationId":"GetItemAttachments"},"parameters":{"dataset":"https://devperform2.sharepoint.com/sites/OrgSite","table":"a3acfbc5-29b8-49fa-8bc3-9c1ea99ba6fd","itemId":"@triggerOutputs()?['body/ID']"},"authentication":"@parameters('$authentication')"}},"Apply_to_each":{"foreach":"@outputs('Get_attachments')?['body']","actions":{"Get_attachment_content":{"runAfter":{},"type":"OpenApiConnection","inputs":{"host":{"apiId":"/providers/Microsoft.PowerApps/apis/shared_sharepointonline","connectionName":"shared_sharepointonline","operationId":"GetAttachmentContent"},"parameters":{"dataset":"https://devperform2.sharepoint.com/sites/OrgSite","table":"a3acfbc5-29b8-49fa-8bc3-9c1ea99ba6fd","itemId":"@triggerOutputs()?['body/ID']","attachmentId":"@items('Apply_to_each')?['Id']"},"authentication":"@parameters('$authentication')"}},"Get_files_(properties_only)":{"runAfter":{"Get_attachment_content":["Succeeded"]},"type":"OpenApiConnection","inputs":{"host":{"apiId":"/providers/Microsoft.PowerApps/apis/shared_sharepointonline","connectionName":"shared_sharepointonline","operationId":"GetFileItems"},"parameters":{"dataset":"https://devperform2.sharepoint.com/sites/OrgSite","table":"426c3018-8e19-4315-93e0-7fe62445fbc4","$filter":"FileLeafRef eq '@{items('Apply_to_each')?['DisplayName']}'"},"authentication":"@parameters('$authentication')"}},"Check_if_file_exists_in_Attachments":{"actions":{"Create_file":{"runAfter":{},"type":"OpenApiConnection","inputs":{"host":{"apiId":"/providers/Microsoft.PowerApps/apis/shared_sharepointonline","connectionName":"shared_sharepointonline","operationId":"CreateFile"},"parameters":{"dataset":"https://devperform2.sharepoint.com/sites/OrgSite","folderPath":"/Attachments","name":"@items('Apply_to_each')?['DisplayName']","body":"@outputs('Get_attachment_content')?['body']"},"authentication":"@parameters('$authentication')"},"runtimeConfiguration":{"contentTransfer":{"transferMode":"Chunked"}}},"Update_file_properties":{"runAfter":{"Create_file":["Succeeded"]},"type":"OpenApiConnection","inputs":{"host":{"apiId":"/providers/Microsoft.PowerApps/apis/shared_sharepointonline","connectionName":"shared_sharepointonline","operationId":"PatchFileItem"},"parameters":{"dataset":"https://devperform2.sharepoint.com/sites/OrgSite","table":"426c3018-8e19-4315-93e0-7fe62445fbc4","id":"@outputs('Create_file')?['body/ItemId']","item/UNID":"@variables('UNID')","item/Title":"@triggerOutputs()?['body/Title']"},"authentication":"@parameters('$authentication')"}},"Delete_attachment":{"runAfter":{"Update_file_properties":["Succeeded"]},"type":"OpenApiConnection","inputs":{"host":{"apiId":"/providers/Microsoft.PowerApps/apis/shared_sharepointonline","connectionName":"shared_sharepointonline","operationId":"DeleteAttachment"},"parameters":{"dataset":"https://devperform2.sharepoint.com/sites/OrgSite","table":"a3acfbc5-29b8-49fa-8bc3-9c1ea99ba6fd","itemId":"@outputs('Update_file_properties')?['body/ID']","attachmentId":"@items('Apply_to_each')?['Id']"},"authentication":"@parameters('$authentication')"}}},"runAfter":{"Get_files_(properties_only)":["Succeeded"]},"else":{"actions":{"Apply_to_each_2":{"foreach":"@outputs('Get_files_(properties_only)')?['body/value']","actions":{"Condition_2":{"actions":{"Delete_attachment_2":{"runAfter":{"Update_file_properties_2":["Succeeded"]},"type":"OpenApiConnection","inputs":{"host":{"apiId":"/providers/Microsoft.PowerApps/apis/shared_sharepointonline","connectionName":"shared_sharepointonline","operationId":"DeleteAttachment"},"parameters":{"dataset":"https://devperform2.sharepoint.com/sites/OrgSite","table":"a3acfbc5-29b8-49fa-8bc3-9c1ea99ba6fd","itemId":"@triggerOutputs()?['body/ID']","attachmentId":"@items('Apply_to_each')?['Id']"},"authentication":"@parameters('$authentication')"}},"Delete_file":{"runAfter":{},"type":"OpenApiConnection","inputs":{"host":{"apiId":"/providers/Microsoft.PowerApps/apis/shared_sharepointonline","connectionName":"shared_sharepointonline","operationId":"DeleteFile"},"parameters":{"dataset":"https://devperform2.sharepoint.com/sites/OrgSite","id":"@items('Apply_to_each_2')?['{Identifier}']"},"authentication":"@parameters('$authentication')"}},"Create_file_2":{"runAfter":{"Delete_file":["Succeeded"]},"type":"OpenApiConnection","inputs":{"host":{"apiId":"/providers/Microsoft.PowerApps/apis/shared_sharepointonline","connectionName":"shared_sharepointonline","operationId":"CreateFile"},"parameters":{"dataset":"https://devperform2.sharepoint.com/sites/OrgSite","folderPath":"/Attachments","name":"@items('Apply_to_each')?['DisplayName']","body":"@outputs('Get_attachment_content')?['body']"},"authentication":"@parameters('$authentication')"},"runtimeConfiguration":{"contentTransfer":{"transferMode":"Chunked"}}},"Update_file_properties_2":{"runAfter":{"Create_file_2":["Succeeded"]},"type":"OpenApiConnection","inputs":{"host":{"apiId":"/providers/Microsoft.PowerApps/apis/shared_sharepointonline","connectionName":"shared_sharepointonline","operationId":"PatchFileItem"},"parameters":{"dataset":"https://devperform2.sharepoint.com/sites/OrgSite","table":"426c3018-8e19-4315-93e0-7fe62445fbc4","id":"@outputs('Create_file_2')?['body/ItemId']","item/UNID":"@variables('UNID')","item/Title":"@items('Apply_to_each_2')?['Title']"},"authentication":"@parameters('$authentication')"}}},"runAfter":{},"expression":{"equals":["@items('Apply_to_each_2')?['UNID']","@variables('UNID')"]},"type":"If"}},"runAfter":{},"type":"Foreach"}}},"expression":{"equals":["@length(outputs('Get_files_(properties_only)')?['body/value'])",0]},"type":"If"}},"runAfter":{"Get_attachments":["Succeeded"]},"type":"Foreach"}},"runAfter":{"Initialize_variable_2":["Succeeded"]},"else":{"actions":{"Update_item":{"runAfter":{},"type":"OpenApiConnection","inputs":{"host":{"apiId":"/providers/Microsoft.PowerApps/apis/shared_sharepointonline","connectionName":"shared_sharepointonline","operationId":"PatchItem"},"parameters":{"dataset":"https://devperform2.sharepoint.com/sites/OrgSite","table":"a3acfbc5-29b8-49fa-8bc3-9c1ea99ba6fd","id":"@triggerOutputs()?['body/ID']","item/Title":"@triggerOutputs()?['body/Title']","item/UNID":"@triggerOutputs()?['body/ID']"},"authentication":"@parameters('$authentication')"}}}},"expression":{"not":{"equals":["@length(variables('UNID'))",0]}},"type":"If"},"Initialize_variable_2":{"runAfter":{"Initialize_variable":["Succeeded"]},"type":"InitializeVariable","inputs":{"variables":[{"name":"StrID","type":"string","value":"@{triggerOutputs()?['body/ID']}"}]}}}},"connectionReferences":{"shared_sharepointonline":{"connectionName":"shared-sharepointonl-e1572589-3aec-4834-8931-f679-9f123902","source":"Embedded","id":"/providers/Microsoft.PowerApps/apis/shared_sharepointonline","tier":"NotSpecified"}},"flowFailureAlertSubscribed":false}}